topic_id,top_tags,top_tag_weights
0,"eating, mukbangeatingshow, foodreview, eatingshow, eatwithme, podcast, animation, wingstop","0.111680, 0.059901, 0.047540, 0.042819, 0.036890, 0.036081, 0.031574, 0.031146"
1,"homecooking, democrats, howtocook, sandwich, lunch, recipes, deanwithers, kristinsfriendscooking","0.074713, 0.058726, 0.035596, 0.033445, 0.027568, 0.026784, 0.026032, 0.024031"
2,"real, capcut, fail, conspiracy, summer, mystery, cheese, horror","0.100617, 0.070401, 0.061514, 0.049723, 0.029424, 0.026472, 0.023477, 0.023267"
3,"bible, christian, christianity, school, faith, jesuslovesyou, prayer, college","0.067481, 0.060876, 0.054506, 0.050260, 0.044834, 0.034925, 0.024309, 0.023601"
4,"motivation, cookwithme, love, tarot, meidastouch, tarotreading, president, inspiration","0.089422, 0.064313, 0.056389, 0.041514, 0.032158, 0.026640, 0.026160, 0.025200"
5,"breakfast, tacobell, pukanacua, puka, nflfootball, pukanacuaformvp, couple, nflnews","0.044353, 0.043865, 0.032472, 0.031898, 0.031898, 0.030461, 0.030461, 0.023854"
6,"xyzbca, mealprep, meme, chicago, fallrecipes, chilis, blowthisup, home","0.137991, 0.043701, 0.038808, 0.037729, 0.031443, 0.022518, 0.018713, 0.018242"
7,"comedy, blowthisup, momlife, repost, kitchen, fridgerestock, satisfyingvideo, restockwithme","0.048329, 0.043919, 0.019350, 0.019350, 0.016955, 0.012727, 0.012727, 0.012197"
8,"chicken, presidenttrump, trump2024, scary, support, reddit, democrat, republican","0.054396, 0.052293, 0.046980, 0.035713, 0.032046, 0.031576, 0.031318, 0.028111"
9,"greenscreen, yummy, baking, greenscreenvideo, familydinner, joshandmomma, alien, entertainment","0.073642, 0.052515, 0.046100, 0.032826, 0.028967, 0.027755, 0.025758, 0.024772"
10,"fentysuperbrandday, baseballupdates, sportsnews, mlbtradedeadline, healing, jhoanduran, phillies, deliverance","0.040935, 0.035640, 0.033233, 0.031308, 0.028420, 0.026976, 0.026976, 0.021681"
11,"edit, antarctica, icewall, aliens, celebrity, history, flatearth, joerogan","0.098215, 0.078976, 0.057728, 0.051162, 0.038202, 0.037943, 0.035067, 0.023150"
12,"charliekirk, flatearth, flatearthtruth, flatearther, flatearthers, flatearthproof, debate, jimmykimmel","0.110243, 0.067192, 0.045671, 0.045333, 0.042627, 0.041274, 0.041268, 0.025717"
13,"pasta, homemade, cake, dessert, chocolate, burger, icecream, foodasmr","0.045492, 0.045399, 0.036367, 0.035092, 0.033902, 0.033062, 0.027395, 0.023344"
14,"baby, chef, godisgood, nasa, fall, tacos, bigmama, mamapoopoo","0.038815, 0.035250, 0.032538, 0.031584, 0.030865, 0.029132, 0.026305, 0.025492"
15,"soupseason, soup, steak, skit, mealideas, souprecipe, health, aibaby","0.047635, 0.042989, 0.036795, 0.028278, 0.025506, 0.023245, 0.020535, 0.020535"
16,"recipes, yummyfood, space, dinnermadeeasy, science, earth, burrito, fastfood","0.078890, 0.045445, 0.044662, 0.035147, 0.033969, 0.032421, 0.030343, 0.030215"
17,"maga, satisfying, asmrsounds, spirituality, whitehouse, asmrvideo, trumpsupporters, mexico","0.110950, 0.080781, 0.049855, 0.026698, 0.025358, 0.025285, 0.021690, 0.018188"
18,"roblox, forsaken, comfortfood, halloween, ocean, potatoes, trendingreels, gaming","0.144016, 0.049678, 0.046344, 0.040728, 0.020722, 0.020020, 0.017914, 0.017829"
19,"pizza, dessert, storytime, story, storytelling, candy, family, truestory","0.059231, 0.058412, 0.046483, 0.038688, 0.024962, 0.024662, 0.024054, 0.022675"
20,"storytime, challenge, truecrime, crockpot, macandcheese, eatwithme, scarystories, women","0.095096, 0.040273, 0.029696, 0.026961, 0.025245, 0.018520, 0.018315, 0.018096"
21,"quickrecipes, funnyvideos, easydinner, cook, explore, dinnertime, easydinnerideas, dinnerwithme","0.067537, 0.054985, 0.047743, 0.045585, 0.039542, 0.033146, 0.032895, 0.029631"
22,"military, dance, truth, crime, sports, show, cats, jackcocchiarella","0.039590, 0.039504, 0.037334, 0.034529, 0.027516, 0.026458, 0.025393, 0.024695"
23,"unitedstates, police, cops, italianfood, olebrandselect, losangeles, policeofficer, backtoschool","0.072189, 0.042945, 0.036451, 0.032122, 0.029958, 0.025989, 0.021660, 0.017331"
24,"movie, trend, film, languagelearning, memes, explorepage, dailyshow, makemefamous","0.103376, 0.058558, 0.039060, 0.034179, 0.027207, 0.027162, 0.024991, 0.024417"
